Product ID,Product Name,Product SKU,Modifier ID,Modifier Name,Modifier Type,Option ID,Option Label,Is Default,Sort Order,Value Data
144,Reading & Maths Essential Skills for Kindergarten Bundle,RE7995RWB,117,Book 1,product_list_with_images,103,Kindergarten Reading Workbook – 240 Essential Reading Skills,Y,0,"{""product_id"": 210}"
144,Reading & Maths Essential Skills for Kindergarten Bundle,RE7995RWB,118,Book 2,product_list_with_images,104,200 Essential Maths Skills for Kindergarten,Y,0,"{""product_id"": 224}"
117,My First Maths and Numbers Activity Books (Ages 4–6),GETREADYPACK2,190,Book 1,product_list_with_images,176,ABC Mathseeds - My First Clocks and Time,Y,0,"{""product_id"": 180}"
117,My First Maths and Numbers Activity Books (Ages 4–6),GETREADYPACK2,191,Book 2,product_list_with_images,177,ABC Mathseeds - My First Numbers,Y,0,"{""product_id"": 186}"
117,My First Maths and Numbers Activity Books (Ages 4–6),GETREADYPACK2,192,Book 3,product_list_with_images,178,ABC Mathseeds - My First Colours and Shapes,Y,0,"{""product_id"": 192}"
117,My First Maths and Numbers Activity Books (Ages 4–6),GETREADYPACK2,193,Book 4,product_list_with_images,179,ABC Mathseeds - My First Add and Subtract,Y,0,"{""product_id"": 198}"
115,My First Reading and Literacy Activity Book Pack (Ages 4–7),GETREADYPACK1,203,Book 1,product_list_with_images,189,ABC Reading Eggs - My First - Alphabet,Y,0,"{""product_id"": 195}"
115,My First Reading and Literacy Activity Book Pack (Ages 4–7),GETREADYPACK1,204,Book 2,product_list_with_images,190,ABC Reading Eggs - My First - Sight Words,Y,0,"{""product_id"": 243}"
115,My First Reading and Literacy Activity Book Pack (Ages 4–7),GETREADYPACK1,205,Book 3,product_list_with_images,191,ABC Reading Eggs - My First - Handwriting,Y,0,"{""product_id"": 244}"
115,My First Reading and Literacy Activity Book Pack (Ages 4–7),GETREADYPACK1,206,Book 4,product_list_with_images,192,ABC Reading Eggs - My First - Phonics,Y,0,"{""product_id"": 166}"
113,ABC Reading Eggs Mega Book Pack (Ages 4–7),139READEGG,119,Book 1,product_list_with_images,105,Starting Out Reading Mini Books – Pack 1 (Ages 4–6),Y,0,"{""product_id"": 277}"
113,ABC Reading Eggs Mega Book Pack (Ages 4–7),139READEGG,120,Book 2,product_list_with_images,106,Starting Out Reading Mini Books – Pack 2 (Ages 4–6),Y,0,"{""product_id"": 278}"
113,ABC Reading Eggs Mega Book Pack (Ages 4–7),139READEGG,121,Book 3,product_list_with_images,107,Starting Out Reading Mini Books – Pack 3 (Ages 4–6),Y,0,"{""product_id"": 279}"
113,ABC Reading Eggs Mega Book Pack (Ages 4–7),139READEGG,122,Book 4,product_list_with_images,108,Starting Out Reading Mini Books – Pack 4 (Ages 4–6),Y,0,"{""product_id"": 280}"
113,ABC Reading Eggs Mega Book Pack (Ages 4–7),139READEGG,123,Book 5,product_list_with_images,109,Learn to Read Activity Book 1 – Starting Out (Ages 4–6),Y,0,"{""product_id"": 281}"
113,ABC Reading Eggs Mega Book Pack (Ages 4–7),139READEGG,124,Book 6,product_list_with_images,110,Learn to Read Activity Book 2 – Starting Out (Ages 4–6),Y,0,"{""product_id"": 282}"
113,ABC Reading Eggs Mega Book Pack (Ages 4–7),139READEGG,125,Book 8,product_list_with_images,111,Learn-to-Read Activity Book 4 – Starting Out (Ages 4–6),Y,0,"{""product_id"": 167}"
113,ABC Reading Eggs Mega Book Pack (Ages 4–7),139READEGG,126,Book 9,product_list_with_images,112,Alphabet Flashcards With Games – Starting Out (Ages 4–6),Y,0,"{""product_id"": 172}"
113,ABC Reading Eggs Mega Book Pack (Ages 4–7),139READEGG,127,Book 11,product_list_with_images,113,Beginning to Read Mini Books – Pack 6 (Ages 5–7),Y,0,"{""product_id"": 256}"
113,ABC Reading Eggs Mega Book Pack (Ages 4–7),139READEGG,128,Book 12,product_list_with_images,114,Beginning to Read Mini Books – Pack 7 (Ages 5–7),Y,0,"{""product_id"": 258}"
113,ABC Reading Eggs Mega Book Pack (Ages 4–7),139READEGG,129,Book 13,product_list_with_images,115,Beginning to Read Mini Books – Pack 8 (Ages 5–7),Y,0,"{""product_id"": 260}"
113,ABC Reading Eggs Mega Book Pack (Ages 4–7),139READEGG,130,Book 14,product_list_with_images,116,Learn to Read Activity Book 5 – Beginning to Read (Ages 5–7),Y,0,"{""product_id"": 262}"
113,ABC Reading Eggs Mega Book Pack (Ages 4–7),139READEGG,131,Book 15,product_list_with_images,117,Learn to Read Activity Book 6 – Beginning to Read (Ages 5–7),Y,0,"{""product_id"": 264}"
113,ABC Reading Eggs Mega Book Pack (Ages 4–7),139READEGG,132,Book 16,product_list_with_images,118,Learn to Read Activity Book 7 – Beginning to Read (Ages 5–7),Y,0,"{""product_id"": 266}"
113,ABC Reading Eggs Mega Book Pack (Ages 4–7),139READEGG,133,Book 17,product_list_with_images,119,Learn-to-Read Activity Book 8 – Beginning to Read (Ages 5–7),Y,0,"{""product_id"": 268}"
113,ABC Reading Eggs Mega Book Pack (Ages 4–7),139READEGG,134,Book 18,product_list_with_images,120,Flashcards – Sight Words and Phonics – Beginning to Read (Ages 5–7),Y,0,"{""product_id"": 270}"
113,ABC Reading Eggs Mega Book Pack (Ages 4–7),139READEGG,135,Book 7,product_list_with_images,121,Learn-to-Read Activity Book 3 – Starting Out (Ages 4–6),Y,0,"{""product_id"": 114}"
113,ABC Reading Eggs Mega Book Pack (Ages 4–7),139READEGG,136,Book 10,product_list_with_images,122,Beginning to Read Mini Books – Pack 5 (Ages 5–7),Y,0,"{""product_id"": 307}"
112,Reading & Maths Essential Skills for Year 2 Family Bundle + FREE Ultimate Rewards Book,RE7995YR2WBURB,340,Book 1,product_list_with_images,332,Year 2 Reading Workbook – 200 Essential Reading Skills,Y,0,"{""product_id"": 205}"
112,Reading & Maths Essential Skills for Year 2 Family Bundle + FREE Ultimate Rewards Book,RE7995YR2WBURB,341,Book 2,product_list_with_images,333,Maths Workbook for Year 2 – 200 Essential Maths Skills,Y,0,"{""product_id"": 218}"
112,Reading & Maths Essential Skills for Year 2 Family Bundle + FREE Ultimate Rewards Book,RE7995YR2WBURB,342,Book 3,product_list_with_images,334,ABC Reading Eggs Ultimate Rewards Book,Y,0,"{""product_id"": 151}"
128,The Eggsperts Sticker Activity Book Pack (Ages 3–5),EGGSPERTSBKPACK,186,Book 1,product_list_with_images,172,The Eggsperts - Sticker Activity Book - Wind Up World,Y,0,"{""product_id"": 257}"
128,The Eggsperts Sticker Activity Book Pack (Ages 3–5),EGGSPERTSBKPACK,187,Book 2,product_list_with_images,173,The Eggsperts - Sticker Activity Book - Butterfly Garden,Y,0,"{""product_id"": 259}"
128,The Eggsperts Sticker Activity Book Pack (Ages 3–5),EGGSPERTSBKPACK,188,Book 3,product_list_with_images,174,The Eggsperts - Sticker Activity Book - Pillowsoft Land,Y,0,"{""product_id"": 261}"
128,The Eggsperts Sticker Activity Book Pack (Ages 3–5),EGGSPERTSBKPACK,189,Book 4,product_list_with_images,175,The Eggsperts - Sticker Activity Book - Sandy Bay,Y,0,"{""product_id"": 263}"
139,ABC Mathseeds Book Pack (Ages 3–5),MSMEGAPACK,179,Book 1,product_list_with_images,165,ABC Mathseeds - Activity Book 1,Y,0,"{""product_id"": 201}"
139,ABC Mathseeds Book Pack (Ages 3–5),MSMEGAPACK,180,Book 2,product_list_with_images,166,ABC Mathseeds - Activity Book 2,Y,0,"{""product_id"": 190}"
139,ABC Mathseeds Book Pack (Ages 3–5),MSMEGAPACK,181,Book 3,product_list_with_images,167,ABC Mathseeds - Activity Book 3,Y,0,"{""product_id"": 211}"
139,ABC Mathseeds Book Pack (Ages 3–5),MSMEGAPACK,182,Book 4,product_list_with_images,168,ABC Mathseeds - Activity Book 4,Y,0,"{""product_id"": 215}"
139,ABC Mathseeds Book Pack (Ages 3–5),MSMEGAPACK,183,Book 5,product_list_with_images,169,ABC Mathseeds - Posters,Y,0,"{""product_id"": 219}"
139,ABC Mathseeds Book Pack (Ages 3–5),MSMEGAPACK,185,Book 6,product_list_with_images,171,ABC Mathseeds - Flashcards,Y,0,"{""product_id"": 229}"
116,Reading Eggs Book Pack Level 2 (Ages 5–7),RE7995PK2,194,Book 1,product_list_with_images,180,Beginning to Read Mini Books – Pack 5 (Ages 5–7),Y,0,"{""product_id"": 307}"
116,Reading Eggs Book Pack Level 2 (Ages 5–7),RE7995PK2,195,Book 2,product_list_with_images,181,Beginning to Read Mini Books – Pack 6 (Ages 5–7),Y,0,"{""product_id"": 256}"
116,Reading Eggs Book Pack Level 2 (Ages 5–7),RE7995PK2,196,Book 3,product_list_with_images,182,Beginning to Read Mini Books – Pack 7 (Ages 5–7),Y,0,"{""product_id"": 258}"
116,Reading Eggs Book Pack Level 2 (Ages 5–7),RE7995PK2,197,Book 4,product_list_with_images,183,Beginning to Read Mini Books – Pack 8 (Ages 5–7),Y,0,"{""product_id"": 260}"
116,Reading Eggs Book Pack Level 2 (Ages 5–7),RE7995PK2,198,Book 5,product_list_with_images,184,Learn to Read Activity Book 5 – Beginning to Read (Ages 5–7),Y,0,"{""product_id"": 262}"
116,Reading Eggs Book Pack Level 2 (Ages 5–7),RE7995PK2,199,Book 6,product_list_with_images,185,Learn to Read Activity Book 6 – Beginning to Read (Ages 5–7),Y,0,"{""product_id"": 264}"
116,Reading Eggs Book Pack Level 2 (Ages 5–7),RE7995PK2,200,Book 7,product_list_with_images,186,Learn to Read Activity Book 7 – Beginning to Read (Ages 5–7),Y,0,"{""product_id"": 266}"
116,Reading Eggs Book Pack Level 2 (Ages 5–7),RE7995PK2,201,Book 8,product_list_with_images,496,Learn-to-Read Activity Book 8 – Beginning to Read (Ages 5–7),Y,0,"{""product_id"": 268}"
116,Reading Eggs Book Pack Level 2 (Ages 5–7),RE7995PK2,202,Book 9,product_list_with_images,188,Flashcards – Sight Words and Phonics – Beginning to Read (Ages 5–7),Y,0,"{""product_id"": 270}"
142,ABC Reading Eggs Level 1 and ABC Mathseeds Mega Book Pack (Ages 3–6),ABCREADMATH30,163,Book 1,product_list_with_images,149,Starting Out Reading Mini Books – Pack 1 (Ages 4–6),Y,0,"{""product_id"": 277}"
142,ABC Reading Eggs Level 1 and ABC Mathseeds Mega Book Pack (Ages 3–6),ABCREADMATH30,164,Book 2,product_list_with_images,150,Starting Out Reading Mini Books – Pack 2 (Ages 4–6),Y,0,"{""product_id"": 278}"
142,ABC Reading Eggs Level 1 and ABC Mathseeds Mega Book Pack (Ages 3–6),ABCREADMATH30,165,Book 3,product_list_with_images,151,Starting Out Reading Mini Books – Pack 3 (Ages 4–6),Y,0,"{""product_id"": 279}"
142,ABC Reading Eggs Level 1 and ABC Mathseeds Mega Book Pack (Ages 3–6),ABCREADMATH30,166,Book 4,product_list_with_images,152,Starting Out Reading Mini Books – Pack 4 (Ages 4–6),Y,0,"{""product_id"": 280}"
142,ABC Reading Eggs Level 1 and ABC Mathseeds Mega Book Pack (Ages 3–6),ABCREADMATH30,167,Book 5,product_list_with_images,153,Learn to Read Activity Book 1 – Starting Out (Ages 4–6),Y,0,"{""product_id"": 281}"
142,ABC Reading Eggs Level 1 and ABC Mathseeds Mega Book Pack (Ages 3–6),ABCREADMATH30,168,Book 6,product_list_with_images,154,Learn to Read Activity Book 2 – Starting Out (Ages 4–6),Y,0,"{""product_id"": 282}"
142,ABC Reading Eggs Level 1 and ABC Mathseeds Mega Book Pack (Ages 3–6),ABCREADMATH30,169,Book 7,product_list_with_images,155,Learn-to-Read Activity Book 3 – Starting Out (Ages 4–6),Y,0,"{""product_id"": 114}"
142,ABC Reading Eggs Level 1 and ABC Mathseeds Mega Book Pack (Ages 3–6),ABCREADMATH30,170,Book 8,product_list_with_images,156,Learn-to-Read Activity Book 4 – Starting Out (Ages 4–6),Y,0,"{""product_id"": 167}"
142,ABC Reading Eggs Level 1 and ABC Mathseeds Mega Book Pack (Ages 3–6),ABCREADMATH30,171,Book 9,product_list_with_images,157,Alphabet Flashcards With Games – Starting Out (Ages 4–6),Y,0,"{""product_id"": 172}"
142,ABC Reading Eggs Level 1 and ABC Mathseeds Mega Book Pack (Ages 3–6),ABCREADMATH30,172,Book 10,product_list_with_images,158,ABC Mathseeds - Activity Book 1,Y,0,"{""product_id"": 201}"
142,ABC Reading Eggs Level 1 and ABC Mathseeds Mega Book Pack (Ages 3–6),ABCREADMATH30,173,Book 11,product_list_with_images,159,ABC Mathseeds - Activity Book 2,Y,0,"{""product_id"": 190}"
142,ABC Reading Eggs Level 1 and ABC Mathseeds Mega Book Pack (Ages 3–6),ABCREADMATH30,174,Book 12,product_list_with_images,160,ABC Mathseeds - Activity Book 3,Y,0,"{""product_id"": 211}"
142,ABC Reading Eggs Level 1 and ABC Mathseeds Mega Book Pack (Ages 3–6),ABCREADMATH30,175,Book 13,product_list_with_images,161,ABC Mathseeds - Activity Book 4,Y,0,"{""product_id"": 215}"
142,ABC Reading Eggs Level 1 and ABC Mathseeds Mega Book Pack (Ages 3–6),ABCREADMATH30,176,Book 14,product_list_with_images,162,ABC Mathseeds - Posters,Y,0,"{""product_id"": 219}"
142,ABC Reading Eggs Level 1 and ABC Mathseeds Mega Book Pack (Ages 3–6),ABCREADMATH30,178,Book 15,product_list_with_images,164,ABC Mathseeds - Flashcards,Y,0,"{""product_id"": 229}"
146,Reading & Maths Essential Skills for Year 1 Bundle,RE7995YR1WB,139,Book 1,product_list_with_images,125,Year 1 Reading Workbook – 240 Essential Reading Skills,Y,0,"{""product_id"": 199}"
146,Reading & Maths Essential Skills for Year 1 Bundle,RE7995YR1WB,140,Book 2,product_list_with_images,126,200 Essential Maths Skills for Year 1,Y,0,"{""product_id"": 214}"
148,Reading & Maths Essential Skills for Year 2 Bundle,RE7995YR2WB,137,Book 2,product_list_with_images,123,200 Essential Maths Skills for Year 2,Y,0,"{""product_id"": 218}"
148,Reading & Maths Essential Skills for Year 2 Bundle,RE7995YR2WB,138,Book 1,product_list_with_images,124,Year 2 Reading Workbook – 200 Essential Reading Skills,Y,0,"{""product_id"": 205}"
156,Reading & Maths Essential Skills for Kindergarten Family Bundle + FREE Ultimate Rewards Book,RE7995RWBURB,144,Book 1,product_list_with_images,130,Kindergarten Reading Workbook – 240 Essential Reading Skills,Y,0,"{""product_id"": 210}"
156,Reading & Maths Essential Skills for Kindergarten Family Bundle + FREE Ultimate Rewards Book,RE7995RWBURB,145,Book 2,product_list_with_images,131,200 Essential Maths Skills for Kindergarten,Y,0,"{""product_id"": 224}"
156,Reading & Maths Essential Skills for Kindergarten Family Bundle + FREE Ultimate Rewards Book,RE7995RWBURB,146,Book 3,product_list_with_images,132,ABC Reading Eggs Ultimate Rewards Book,Y,0,"{""product_id"": 151}"
158,Reading & Maths Essential Skills for Year 1 Family Bundle + FREE Ultimate Rewards Book,RE7995YR1WBURB,141,Book 1,product_list_with_images,127,Year 1 Reading Workbook – 240 Essential Reading Skills,Y,0,"{""product_id"": 199}"
158,Reading & Maths Essential Skills for Year 1 Family Bundle + FREE Ultimate Rewards Book,RE7995YR1WBURB,142,Book 2,product_list_with_images,128,200 Essential Maths Skills for Year 1,Y,0,"{""product_id"": 214}"
158,Reading & Maths Essential Skills for Year 1 Family Bundle + FREE Ultimate Rewards Book,RE7995YR1WBURB,143,Book 3,product_list_with_images,129,ABC Reading Eggs Ultimate Rewards Book,Y,0,"{""product_id"": 151}"
164,My First Reading and Maths Activity Book Pack (Ages 4–7),GETREADYPACK3,147,Book 1,product_list_with_images,133,ABC Reading Eggs - My First - Alphabet,Y,0,"{""product_id"": 195}"
164,My First Reading and Maths Activity Book Pack (Ages 4–7),GETREADYPACK3,148,Book 2,product_list_with_images,134,ABC Reading Eggs - My First - Handwriting,Y,0,"{""product_id"": 244}"
164,My First Reading and Maths Activity Book Pack (Ages 4–7),GETREADYPACK3,149,Book 3,product_list_with_images,135,ABC Reading Eggs - My First - Sight Words,Y,0,"{""product_id"": 243}"
164,My First Reading and Maths Activity Book Pack (Ages 4–7),GETREADYPACK3,150,Book 4,product_list_with_images,136,ABC Reading Eggs - My First - Phonics,Y,0,"{""product_id"": 166}"
164,My First Reading and Maths Activity Book Pack (Ages 4–7),GETREADYPACK3,151,Book 5,product_list_with_images,137,ABC Mathseeds - My First Clocks and Time,Y,0,"{""product_id"": 180}"
164,My First Reading and Maths Activity Book Pack (Ages 4–7),GETREADYPACK3,152,Book 6,product_list_with_images,138,ABC Mathseeds - My First Numbers,Y,0,"{""product_id"": 186}"
164,My First Reading and Maths Activity Book Pack (Ages 4–7),GETREADYPACK3,153,Book 7,product_list_with_images,139,ABC Mathseeds - My First Colours and Shapes,Y,0,"{""product_id"": 192}"
164,My First Reading and Maths Activity Book Pack (Ages 4–7),GETREADYPACK3,154,Book 8,product_list_with_images,140,ABC Mathseeds - My First Add and Subtract,Y,0,"{""product_id"": 198}"
159,Reading Eggs Activity Book Education Bundle – 8 Books (Ages 4–7),RE7995ACT3,155,Book 1,product_list_with_images,141,Learn to Read Activity Book 1 – Starting Out (Ages 4–6),Y,0,"{""product_id"": 281}"
159,Reading Eggs Activity Book Education Bundle – 8 Books (Ages 4–7),RE7995ACT3,156,Book 2,product_list_with_images,142,Learn to Read Activity Book 2 – Starting Out (Ages 4–6),Y,0,"{""product_id"": 282}"
159,Reading Eggs Activity Book Education Bundle – 8 Books (Ages 4–7),RE7995ACT3,157,Book 3,product_list_with_images,143,Learn-to-Read Activity Book 3 – Starting Out (Ages 4–6),Y,0,"{""product_id"": 114}"
159,Reading Eggs Activity Book Education Bundle – 8 Books (Ages 4–7),RE7995ACT3,158,Book 4,product_list_with_images,144,Learn-to-Read Activity Book 4 – Starting Out (Ages 4–6),Y,0,"{""product_id"": 167}"
159,Reading Eggs Activity Book Education Bundle – 8 Books (Ages 4–7),RE7995ACT3,159,Book 5,product_list_with_images,145,Learn to Read Activity Book 5 – Beginning to Read (Ages 5–7),Y,0,"{""product_id"": 262}"
159,Reading Eggs Activity Book Education Bundle – 8 Books (Ages 4–7),RE7995ACT3,160,Book 6,product_list_with_images,146,Learn to Read Activity Book 6 – Beginning to Read (Ages 5–7),Y,0,"{""product_id"": 264}"
159,Reading Eggs Activity Book Education Bundle – 8 Books (Ages 4–7),RE7995ACT3,161,Book 7,product_list_with_images,147,Learn to Read Activity Book 7 – Beginning to Read (Ages 5–7),Y,0,"{""product_id"": 266}"
159,Reading Eggs Activity Book Education Bundle – 8 Books (Ages 4–7),RE7995ACT3,162,Book 8,product_list_with_images,497,Learn-to-Read Activity Book 8 – Beginning to Read (Ages 5–7),Y,0,"{""product_id"": 268}"
314,Starting Out Activity Book Bundle – 4 Books (Ages 4–6),RE7995ACT1,207,Book 1,product_list_with_images,193,Learn to Read Activity Book 1 – Starting Out (Ages 4–6),Y,0,"{""product_id"": 281}"
314,Starting Out Activity Book Bundle – 4 Books (Ages 4–6),RE7995ACT1,208,Book 2,product_list_with_images,194,Learn to Read Activity Book 2 – Starting Out (Ages 4–6),Y,0,"{""product_id"": 282}"
314,Starting Out Activity Book Bundle – 4 Books (Ages 4–6),RE7995ACT1,209,Book 3,product_list_with_images,195,Learn-to-Read Activity Book 3 – Starting Out (Ages 4–6),Y,0,"{""product_id"": 114}"
314,Starting Out Activity Book Bundle – 4 Books (Ages 4–6),RE7995ACT1,210,Book 4,product_list_with_images,196,Learn-to-Read Activity Book 4 – Starting Out (Ages 4–6),Y,0,"{""product_id"": 167}"
315,Beginning to Read Activity Book Bundle – 4 Books (Ages 5–7),RE7995ACT2,211,Book 1,product_list_with_images,197,Learn to Read Activity Book 5 – Beginning to Read (Ages 5–7),Y,0,"{""product_id"": 262}"
315,Beginning to Read Activity Book Bundle – 4 Books (Ages 5–7),RE7995ACT2,212,Book 2,product_list_with_images,198,Learn to Read Activity Book 6 – Beginning to Read (Ages 5–7),Y,0,"{""product_id"": 264}"
315,Beginning to Read Activity Book Bundle – 4 Books (Ages 5–7),RE7995ACT2,213,Book 3,product_list_with_images,199,Learn to Read Activity Book 7 – Beginning to Read (Ages 5–7),Y,0,"{""product_id"": 266}"
315,Beginning to Read Activity Book Bundle – 4 Books (Ages 5–7),RE7995ACT2,214,Book 4,product_list_with_images,200,Learn-to-Read Activity Book 8 – Beginning to Read (Ages 5–7),Y,0,"{""product_id"": 268}"
317,"Learn-to-Read Flashcards Bundle – Alphabet, Phonics, Words (Ages 3–7)",RE7995FLASH,263,Book 1,product_list_with_images,344,Alphabet Flashcards With Games – Starting Out (Ages 3–5),Y,0,"{""product_id"": 172}"
317,"Learn-to-Read Flashcards Bundle – Alphabet, Phonics, Words (Ages 3–7)",RE7995FLASH,264,Book 2,product_list_with_images,254,Flashcards – Sight Words and Phonics – Beginning to Read (Ages 5–7),Y,0,"{""product_id"": 270}"
316,Reading Eggs Book Pack Level 1 (Ages 4–6),RE7995PK1,219,Book 1,product_list_with_images,205,Starting Out Reading Mini Books – Pack 1 (Ages 4–6),Y,0,"{""product_id"": 277}"
316,Reading Eggs Book Pack Level 1 (Ages 4–6),RE7995PK1,220,Book 2,product_list_with_images,206,Starting Out Reading Mini Books – Pack 2 (Ages 4–6),Y,0,"{""product_id"": 278}"
316,Reading Eggs Book Pack Level 1 (Ages 4–6),RE7995PK1,221,Book 3,product_list_with_images,207,Starting Out Reading Mini Books – Pack 3 (Ages 4–6),Y,0,"{""product_id"": 279}"
316,Reading Eggs Book Pack Level 1 (Ages 4–6),RE7995PK1,222,Book 4,product_list_with_images,208,Starting Out Reading Mini Books – Pack 4 (Ages 4–6),Y,0,"{""product_id"": 280}"
316,Reading Eggs Book Pack Level 1 (Ages 4–6),RE7995PK1,223,Book 5,product_list_with_images,209,Learn to Read Activity Book 1 – Starting Out (Ages 4–6),Y,0,"{""product_id"": 281}"
316,Reading Eggs Book Pack Level 1 (Ages 4–6),RE7995PK1,224,Book 6,product_list_with_images,210,Learn to Read Activity Book 2 – Starting Out (Ages 4–6),Y,0,"{""product_id"": 282}"
316,Reading Eggs Book Pack Level 1 (Ages 4–6),RE7995PK1,225,Book 7,product_list_with_images,211,Learn-to-Read Activity Book 3 – Starting Out (Ages 4–6),Y,0,"{""product_id"": 114}"
316,Reading Eggs Book Pack Level 1 (Ages 4–6),RE7995PK1,226,Book 8,product_list_with_images,212,Learn-to-Read Activity Book 4 – Starting Out (Ages 4–6),Y,0,"{""product_id"": 167}"
316,Reading Eggs Book Pack Level 1 (Ages 4–6),RE7995PK1,227,Book 9,product_list_with_images,213,Alphabet Flashcards With Games – Starting Out (Ages 4–6),Y,0,"{""product_id"": 172}"
319,Activity Book and Mini Book Pack Bundle 1 (Ages 4–6),RE7995ACTMBP1,228,Book 1,product_list_with_images,214,Starting Out Reading Mini Books – Pack 1 (Ages 4–6),Y,0,"{""product_id"": 277}"
319,Activity Book and Mini Book Pack Bundle 1 (Ages 4–6),RE7995ACTMBP1,229,Book 2,product_list_with_images,215,Learn to Read Activity Book 1 – Starting Out (Ages 4–6),Y,0,"{""product_id"": 281}"
320,Activity Book and Mini Book Pack Bundle 2 (Ages 4–6),RE7995ACTMBP2,230,Book 1,product_list_with_images,216,Learn to Read Activity Book 2 – Starting Out (Ages 4–6),Y,0,"{""product_id"": 282}"
320,Activity Book and Mini Book Pack Bundle 2 (Ages 4–6),RE7995ACTMBP2,231,Book 2,product_list_with_images,217,Starting Out Reading Mini Books – Pack 2 (Ages 4–6),Y,0,"{""product_id"": 278}"
323,Activity Book and Mini Book Pack Bundle 3 (Ages 4–6),RE7995ACTMBP3,232,Book 1,product_list_with_images,218,Learn-to-Read Activity Book 3 – Starting Out (Ages 4–6),Y,0,"{""product_id"": 114}"
323,Activity Book and Mini Book Pack Bundle 3 (Ages 4–6),RE7995ACTMBP3,233,Book 2,product_list_with_images,219,Starting Out Reading Mini Books – Pack 3 (Ages 4–6),Y,0,"{""product_id"": 279}"
325,Activity Book and Mini Book Pack Bundle 4 (Ages 4–6),RE7995ACTMBP4,234,Book 1,product_list_with_images,220,Learn-to-Read Activity Book 4 – Starting Out (Ages 4–6),Y,0,"{""product_id"": 167}"
325,Activity Book and Mini Book Pack Bundle 4 (Ages 4–6),RE7995ACTMBP4,235,Book 2,product_list_with_images,221,Starting Out Reading Mini Books – Pack 4 (Ages 4–6),Y,0,"{""product_id"": 280}"
324,Reggie & Friends Bath Books –  Pack of 3 (Ages 2+),RE7995BATH,252,Book 1,product_list_with_images,242,Rainbow Bath Book – Reggie & Friends,Y,0,"{""product_id"": 338}"
324,Reggie & Friends Bath Books –  Pack of 3 (Ages 2+),RE7995BATH,253,Book 2,product_list_with_images,243,Farm Bath Book – Reggie & Friends,Y,0,"{""product_id"": 336}"
324,Reggie & Friends Bath Books –  Pack of 3 (Ages 2+),RE7995BATH,254,Book 3,product_list_with_images,244,Party Bath Book – Reggie & Friends,Y,0,"{""product_id"": 334}"
327,Activity Book and Mini Book Pack Bundle 5 (Ages 5–7),RE7995ACTMBP5,236,Book 1,product_list_with_images,222,Learn to Read Activity Book 5 – Beginning to Read (Ages 5–7),Y,0,"{""product_id"": 262}"
327,Activity Book and Mini Book Pack Bundle 5 (Ages 5–7),RE7995ACTMBP5,237,Book 2,product_list_with_images,223,Beginning to Read Mini Books – Pack 5 (Ages 5–7),Y,0,"{""product_id"": 307}"
326,Wonder Water Books – Complete Set – Reggie & Friends,RE7995WATER,215,Book 1,product_list_with_images,201,At The Beach Wonder Water Book – Reggie & Friends,Y,0,"{""product_id"": 322}"
326,Wonder Water Books – Complete Set – Reggie & Friends,RE7995WATER,216,Book 2,product_list_with_images,202,At The Farm Wonder Water Book – Reggie & Friends,Y,0,"{""product_id"": 321}"
326,Wonder Water Books – Complete Set – Reggie & Friends,RE7995WATER,217,Book 3,product_list_with_images,203,At The Zoo Wonder Water Book – Reggie & Friends,Y,0,"{""product_id"": 318}"
326,Wonder Water Books – Complete Set – Reggie & Friends,RE7995WATER,218,Book 4,product_list_with_images,204,At The Pet Shop Wonder Water Book – Reggie & Friends,Y,0,"{""product_id"": 344}"
328,Activity Book and Mini Book Pack Bundle 6 (Ages 5–7),RE7995ACTMBP6,238,Book 1,product_list_with_images,224,Beginning to Read Mini Books – Pack 6 (Ages 5–7),Y,0,"{""product_id"": 256}"
328,Activity Book and Mini Book Pack Bundle 6 (Ages 5–7),RE7995ACTMBP6,239,Book 2,product_list_with_images,225,Learn to Read Activity Book 6 – Beginning to Read (Ages 5–7),Y,0,"{""product_id"": 264}"
329,Mini Book Pack Bundle 1 – Packs 1–4 (Ages 4–6),RE7995MBP1,248,Book 1,product_list_with_images,238,Starting Out Reading Mini Books – Pack 1 (Ages 4–6),Y,0,"{""product_id"": 277}"
329,Mini Book Pack Bundle 1 – Packs 1–4 (Ages 4–6),RE7995MBP1,249,Book 2,product_list_with_images,239,Starting Out Reading Mini Books – Pack 2 (Ages 4–6),Y,0,"{""product_id"": 278}"
329,Mini Book Pack Bundle 1 – Packs 1–4 (Ages 4–6),RE7995MBP1,250,Book 3,product_list_with_images,240,Starting Out Reading Mini Books – Pack 3 (Ages 4–6),Y,0,"{""product_id"": 279}"
329,Mini Book Pack Bundle 1 – Packs 1–4 (Ages 4–6),RE7995MBP1,251,Book 4,product_list_with_images,241,Starting Out Reading Mini Books – Pack 4 (Ages 4–6),Y,0,"{""product_id"": 280}"
330,Activity Book and Mini Book Pack Bundle 7 (Ages 5–7),RE7995ACTMBP7,240,Book 1,product_list_with_images,226,Learn to Read Activity Book 7 – Beginning to Read (Ages 5–7),Y,0,"{""product_id"": 266}"
330,Activity Book and Mini Book Pack Bundle 7 (Ages 5–7),RE7995ACTMBP7,241,Book 2,product_list_with_images,227,Beginning to Read Mini Books – Pack 7 (Ages 5–7),Y,0,"{""product_id"": 258}"
331,Mini Book Pack Bundle 2 – Packs 5–8 (Ages 5–7),RE7995MBP2,244,Book 1,product_list_with_images,234,Beginning to Read Mini Books – Pack 5 (Ages 5–7),Y,0,"{""product_id"": 307}"
331,Mini Book Pack Bundle 2 – Packs 5–8 (Ages 5–7),RE7995MBP2,245,Book 2,product_list_with_images,235,Beginning to Read Mini Books – Pack 6 (Ages 5–7),Y,0,"{""product_id"": 256}"
331,Mini Book Pack Bundle 2 – Packs 5–8 (Ages 5–7),RE7995MBP2,246,Book 3,product_list_with_images,236,Beginning to Read Mini Books – Pack 7 (Ages 5–7),Y,0,"{""product_id"": 258}"
331,Mini Book Pack Bundle 2 – Packs 5–8 (Ages 5–7),RE7995MBP2,247,Book 4,product_list_with_images,237,Beginning to Read Mini Books – Pack 8 (Ages 5–7),Y,0,"{""product_id"": 260}"
332,Activity Book and Mini Book Pack Bundle 8 (Ages 5–7),RE7995ACTMBP8,242,Book 1,product_list_with_images,228,Learn-to-Read Activity Book 8 – Beginning to Read (Ages 5–7),Y,0,"{""product_id"": 268}"
332,Activity Book and Mini Book Pack Bundle 8 (Ages 5–7),RE7995ACTMBP8,243,Book 2,product_list_with_images,229,Beginning to Read Mini Books – Pack 8 (Ages 5–7),Y,0,"{""product_id"": 260}"
339,Essential Skills Workbook Family Bundle for Reception + FREE Ultimate Rewards Book,REWBRWBBR,273,Book 1,product_list_with_images,263,Reception Reading Workbook – 240 Essential Reading Skills,Y,0,"{""product_id"": 308}"
339,Essential Skills Workbook Family Bundle for Reception + FREE Ultimate Rewards Book,REWBRWBBR,274,Book 2,product_list_with_images,264,Mathseeds: 200 Essential Maths Skills for Reception,Y,0,"{""product_id"": 311}"
339,Essential Skills Workbook Family Bundle for Reception + FREE Ultimate Rewards Book,REWBRWBBR,275,Book 3,product_list_with_images,265,Reading Eggs Ultimate Rewards Book,Y,0,"{""product_id"": 337}"
341,Essential Skills Workbook Family Bundle for Year 1 + FREE Ultimate Rewards Book,REWBRWBBY1,270,Book 1,product_list_with_images,260,Year 1 Reading Workbook – 240 Essential Reading Skills -,Y,0,"{""product_id"": 309}"
341,Essential Skills Workbook Family Bundle for Year 1 + FREE Ultimate Rewards Book,REWBRWBBY1,271,Book 2,product_list_with_images,261,Mathseeds: 200 Essential Maths Skills for Year 1,N,0,"{""product_id"": 312}"
341,Essential Skills Workbook Family Bundle for Year 1 + FREE Ultimate Rewards Book,REWBRWBBY1,272,Book 3,product_list_with_images,262,Reading Eggs Ultimate Rewards Book,Y,0,"{""product_id"": 337}"
343,Essential Skills Workbook Family Bundle for Year 2 + FREE Ultimate Rewards Book,REWBRWBBY2,267,Book 1,product_list_with_images,257,Year 2 Reading Workbook – 200 Essential Reading Skills -,Y,0,"{""product_id"": 310}"
343,Essential Skills Workbook Family Bundle for Year 2 + FREE Ultimate Rewards Book,REWBRWBBY2,268,Book 2,product_list_with_images,258,Mathseeds: 200 Essential Maths Skills for Year 2,Y,0,"{""product_id"": 313}"
343,Essential Skills Workbook Family Bundle for Year 2 + FREE Ultimate Rewards Book,REWBRWBBY2,269,Book 3,product_list_with_images,259,Reading Eggs Ultimate Rewards Book,Y,0,"{""product_id"": 337}"
345,Reading & Maths Essential Skills for Reception Bundle,RE7995RWBUK,265,Book 1,product_list_with_images,337,Reception Reading Workbook – 240 Essential Reading Skills,Y,0,"{""product_id"": 308}"
345,Reading & Maths Essential Skills for Reception Bundle,RE7995RWBUK,266,Book 2,product_list_with_images,338,Reception Maths Workbook – 200 Essential Maths Skills,Y,0,"{""product_id"": 311}"
333,Mini Book Pack Mega Bundle – Packs 1–8 (Ages 4–7),RE7995MBP3,255,Book 1,product_list_with_images,245,Starting Out Reading Mini Books – Pack 1 (Ages 4–6),Y,0,"{""product_id"": 277}"
333,Mini Book Pack Mega Bundle – Packs 1–8 (Ages 4–7),RE7995MBP3,256,Book 2,product_list_with_images,246,Starting Out Reading Mini Books – Pack 2 (Ages 4–6),Y,0,"{""product_id"": 278}"
333,Mini Book Pack Mega Bundle – Packs 1–8 (Ages 4–7),RE7995MBP3,257,Book 3,product_list_with_images,247,Starting Out Reading Mini Books – Pack 3 (Ages 4–6),Y,0,"{""product_id"": 279}"
333,Mini Book Pack Mega Bundle – Packs 1–8 (Ages 4–7),RE7995MBP3,258,Book 4,product_list_with_images,248,Starting Out Reading Mini Books – Pack 4 (Ages 4–6),Y,0,"{""product_id"": 280}"
333,Mini Book Pack Mega Bundle – Packs 1–8 (Ages 4–7),RE7995MBP3,259,Book 5,product_list_with_images,249,Beginning to Read Mini Books – Pack 5 (Ages 5–7),Y,0,"{""product_id"": 307}"
333,Mini Book Pack Mega Bundle – Packs 1–8 (Ages 4–7),RE7995MBP3,260,Book 6,product_list_with_images,250,Beginning to Read Mini Books – Pack 6 (Ages 5–7),Y,0,"{""product_id"": 256}"
333,Mini Book Pack Mega Bundle – Packs 1–8 (Ages 4–7),RE7995MBP3,261,Book 7,product_list_with_images,251,Beginning to Read Mini Books – Pack 7 (Ages 5–7),Y,0,"{""product_id"": 258}"
333,Mini Book Pack Mega Bundle – Packs 1–8 (Ages 4–7),RE7995MBP3,262,Book 8,product_list_with_images,252,Beginning to Read Mini Books – Pack 8 (Ages 5–7),Y,0,"{""product_id"": 260}"
347,Essential Skills Workbook Family Bundle for Grade 1 + FREE Ultimate Rewards Book,REWBRWBBG1,276,Book 1,product_list_with_images,266,Grade 1 Reading Workbook – 240 Essential Reading Skills,Y,0,"{""product_id"": 349}"
347,Essential Skills Workbook Family Bundle for Grade 1 + FREE Ultimate Rewards Book,REWBRWBBG1,277,Book 2,product_list_with_images,267,200 Essential Math Skills for First Grade,Y,0,"{""product_id"": 357}"
347,Essential Skills Workbook Family Bundle for Grade 1 + FREE Ultimate Rewards Book,REWBRWBBG1,278,Book 3,product_list_with_images,268,Reading Eggs Ultimate Rewards Book US,Y,0,"{""product_id"": 366}"
346,Reading Eggs Mega Book Pack (Ages 4–7),140READEGG,297,Book 1,product_list_with_images,520,Starting Out Reading Mini Books  Pack 1 (Ages 4–6),Y,0,"{""product_id"": 421}"
346,Reading Eggs Mega Book Pack (Ages 4–7),140READEGG,298,Book 2,product_list_with_images,521,Starting Out Reading Mini Books Pack 2 (Ages 4–6),Y,0,"{""product_id"": 422}"
346,Reading Eggs Mega Book Pack (Ages 4–7),140READEGG,299,Book 3,product_list_with_images,289,Starting Out Reading Mini Books – Pack 3 (Ages 4–6),Y,0,"{""product_id"": 279}"
346,Reading Eggs Mega Book Pack (Ages 4–7),140READEGG,300,Book 4,product_list_with_images,290,Starting Out Reading Mini Books – Pack 4 (Ages 4–6),Y,0,"{""product_id"": 280}"
346,Reading Eggs Mega Book Pack (Ages 4–7),140READEGG,301,Book 5,product_list_with_images,565,Beginning to Read Mini Books  Pack 5 (Ages 5–7),Y,1,"{""product_id"": 430}"
346,Reading Eggs Mega Book Pack (Ages 4–7),140READEGG,302,Book 6,product_list_with_images,292,Beginning to Read Mini Books – Pack 6 (Ages 5–7),Y,0,"{""product_id"": 256}"
346,Reading Eggs Mega Book Pack (Ages 4–7),140READEGG,303,Book 7,product_list_with_images,293,Beginning to Read Mini Books – Pack 7 (Ages 5–7),Y,0,"{""product_id"": 258}"
346,Reading Eggs Mega Book Pack (Ages 4–7),140READEGG,304,Book 8,product_list_with_images,294,Beginning to Read Mini Books – Pack 8 (Ages 5–7),Y,0,"{""product_id"": 260}"
346,Reading Eggs Mega Book Pack (Ages 4–7),140READEGG,305,Book 9,product_list_with_images,295,Learn to Read Activity Book 1 – Starting Out (Ages 4–6),Y,0,"{""product_id"": 281}"
346,Reading Eggs Mega Book Pack (Ages 4–7),140READEGG,306,Book 10,product_list_with_images,296,Learn to Read Activity Book 2 – Starting Out (Ages 4–6),Y,0,"{""product_id"": 282}"
346,Reading Eggs Mega Book Pack (Ages 4–7),140READEGG,307,Book 11,product_list_with_images,297,Learn-to-Read Activity Book 3 – Starting Out (Ages 4–6),Y,0,"{""product_id"": 114}"
346,Reading Eggs Mega Book Pack (Ages 4–7),140READEGG,308,Book 12,product_list_with_images,298,Learn-to-Read Activity Book 4 – Starting Out (Ages 4–6),Y,0,"{""product_id"": 167}"
346,Reading Eggs Mega Book Pack (Ages 4–7),140READEGG,309,Book 13,product_list_with_images,299,Learn to Read Activity Book 5 – Beginning to Read (Ages 5–7),Y,0,"{""product_id"": 262}"
346,Reading Eggs Mega Book Pack (Ages 4–7),140READEGG,310,Book 14,product_list_with_images,566,Learn to Read Activity Book 6 – Beginning to Read (Ages 5–7),Y,1,"{""product_id"": 435}"
346,Reading Eggs Mega Book Pack (Ages 4–7),140READEGG,311,Book 15,product_list_with_images,553,Learn to Read Activity Book 7 – Beginning to Read (Ages 5–7),Y,0,"{""product_id"": 436}"
346,Reading Eggs Mega Book Pack (Ages 4–7),140READEGG,312,Book 16,product_list_with_images,493,Learn to Read Activity Book 8 – Beginning to Read (Ages 5–7),Y,0,"{""product_id"": 437}"
346,Reading Eggs Mega Book Pack (Ages 4–7),140READEGG,313,Book 17,product_list_with_images,542,Alphabet Flashcards With Games Starting Out (Ages 3–5),Y,0,"{""product_id"": 429}"
346,Reading Eggs Mega Book Pack (Ages 4–7),140READEGG,314,Book 18,product_list_with_images,304,Flashcards – Sight Words and Phonics – Beginning to Read (Ages 5–7),Y,0,"{""product_id"": 270}"
350,Essential Skills Reading Family Bundle Grade 3+4 + US Ultimate Rewards Book,REWBRWBBG3,282,Book 1,product_list_with_images,272,Grade 3 Reading Workbook – 200 Essential Reading Skills,Y,0,"{""product_id"": 353}"
350,Essential Skills Reading Family Bundle Grade 3+4 + US Ultimate Rewards Book,REWBRWBBG3,283,Book 2,product_list_with_images,273,Grade 4 Reading Workbook – 200 Essential Reading Skills,Y,0,"{""product_id"": 354}"
350,Essential Skills Reading Family Bundle Grade 3+4 + US Ultimate Rewards Book,REWBRWBBG3,284,Book 3,product_list_with_images,274,Reading Eggs Ultimate Rewards Book US,Y,0,"{""product_id"": 366}"
348,Essential Skills Workbook Family Bundle for Grade 2 + FREE Ultimate Rewards Book,REWBRWBBG2,279,Book 1,product_list_with_images,269,Grade 2 Reading Workbook – 200 Essential Reading Skills,Y,0,"{""product_id"": 351}"
348,Essential Skills Workbook Family Bundle for Grade 2 + FREE Ultimate Rewards Book,REWBRWBBG2,280,Book 2,product_list_with_images,270,200 Essential Math Skills for Second Grade,Y,0,"{""product_id"": 358}"
348,Essential Skills Workbook Family Bundle for Grade 2 + FREE Ultimate Rewards Book,REWBRWBBG2,281,Book 3,product_list_with_images,271,Reading Eggs Ultimate Rewards Book US,N,0,"{""product_id"": 366}"
352,Essential Skills Reading Family Bundle Grade 4+5 + US Ultimate Rewards Book,REWBRWBBG4,288,Book 1,product_list_with_images,278,Grade 4 Reading Workbook – 200 Essential Reading Skills,Y,0,"{""product_id"": 354}"
352,Essential Skills Reading Family Bundle Grade 4+5 + US Ultimate Rewards Book,REWBRWBBG4,289,Book 2,product_list_with_images,279,Grade 5 Reading Workbook – 200 Essential Reading Skills,Y,0,"{""product_id"": 355}"
352,Essential Skills Reading Family Bundle Grade 4+5 + US Ultimate Rewards Book,REWBRWBBG4,290,Book 3,product_list_with_images,280,Reading Eggs Ultimate Rewards Book US,Y,0,"{""product_id"": 366}"
361,Reading & Math Essential Skills for Kindergarten Bundle,RMK,336,Book 1,product_list_with_images,326,Kindergarten Reading Workbook – 240 Essential Reading Skills -,Y,0,"{""product_id"": 365}"
361,Reading & Math Essential Skills for Kindergarten Bundle,RMK,337,Book 2,product_list_with_images,327,200 Essential Math Skills for Kindergarten,Y,0,"{""product_id"": 356}"
362,Reading & Math Essential Skills for First Grade Bundle,RM1,293,Book 1,product_list_with_images,283,Grade 1 Reading Workbook – 240 Essential Reading Skills,Y,0,"{""product_id"": 349}"
362,Reading & Math Essential Skills for First Grade Bundle,RM1,294,Book 2,product_list_with_images,284,200 Essential Math Skills for First Grade,Y,0,"{""product_id"": 357}"
363, Reading & Math Essential Skills for Second Grade Bundle,RM2,295,Book 1,product_list_with_images,285,Grade 2 Reading Workbook – 200 Essential Reading Skills,Y,0,"{""product_id"": 351}"
363, Reading & Math Essential Skills for Second Grade Bundle,RM2,296,Book 2,product_list_with_images,286,200 Essential Math Skills for Second Grade,Y,0,"{""product_id"": 358}"
364,Essential Skills Workbook Family Bundle for Kindergarten + FREE Ultimate Rewards Book,REWBRWBBK,285,Book 1,product_list_with_images,275,Kindergarten Reading Workbook – 240 Essential Reading Skills -,Y,0,"{""product_id"": 365}"
364,Essential Skills Workbook Family Bundle for Kindergarten + FREE Ultimate Rewards Book,REWBRWBBK,286,Book 2,product_list_with_images,276,200 Essential Math Skills for Kindergarten,Y,0,"{""product_id"": 356}"
364,Essential Skills Workbook Family Bundle for Kindergarten + FREE Ultimate Rewards Book,REWBRWBBK,287,Book 3,product_list_with_images,277,Reading Eggs Ultimate Rewards Book US,Y,0,"{""product_id"": 366}"
374,Reading and Maths Essential Skills for Year 1 Bundle,RE7995YR1WBUK,334,Book 1,product_list_with_images,324,Year 1 Reading Workbook – 240 Essential Reading Skills -,Y,0,"{""product_id"": 309}"
374,Reading and Maths Essential Skills for Year 1 Bundle,RE7995YR1WBUK,335,Book 2,product_list_with_images,325,Mathseeds: 200 Essential Maths Skills for Year 1,Y,0,"{""product_id"": 312}"
379,Essential Skills Reading Family Bundle Grade 3 and Grade 4,RM3,345,Book 1,product_list_with_images,339,Grade 3 Reading Workbook – 200 Essential Reading Skills,Y,0,"{""product_id"": 353}"
379,Essential Skills Reading Family Bundle Grade 3 and Grade 4,RM3,346,Book 2,product_list_with_images,340,Grade 4 Reading Workbook – 200 Essential Reading Skills,Y,0,"{""product_id"": 354}"
378,Reading and Maths Essential Skills for Year 2 Bundle,RE7995YR2WBUK,343,Book 1,product_list_with_images,335,Year 2 Reading Workbook – 200 Essential Reading Skills.,Y,0,"{""product_id"": 310}"
378,Reading and Maths Essential Skills for Year 2 Bundle,RE7995YR2WBUK,344,Book 2,product_list_with_images,336,Year 2 Maths Workbook – 200 Essential Maths Skills,Y,0,"{""product_id"": 313}"
380,Essential Skills Reading Family Bundle Grade 4 and Grade 5,RM4,347,Book 1,product_list_with_images,341,Grade 4 Reading Workbook – 200 Essential Reading Skills,Y,0,"{""product_id"": 354}"
380,Essential Skills Reading Family Bundle Grade 4 and Grade 5,RM4,348,Book 2,product_list_with_images,342,Grade 5 Reading Workbook – 200 Essential Reading Skills,Y,0,"{""product_id"": 355}"
397,Reading & Math Essential Skills - First Grade Bundle,RM1-E,378,Book 1,product_list_with_images,374,Grade 1 Reading Workbook – 240 Essential Reading Skills,Y,0,"{""product_id"": 349}"
397,Reading & Math Essential Skills - First Grade Bundle,RM1-E,379,Book 2,product_list_with_images,375,200 Essential Math Skills for First Grade,Y,0,"{""product_id"": 357}"
396,Reading & Math Essential Skills - Kindergarten Bundle,RMK-E,376,Book 1,product_list_with_images,372,Kindergarten Reading Workbook – 240 Essential Reading Skills -,Y,0,"{""product_id"": 365}"
396,Reading & Math Essential Skills - Kindergarten Bundle,RMK-E,377,Book 2,product_list_with_images,373,200 Essential Math Skills for Kindergarten,Y,0,"{""product_id"": 356}"
394,ReadingEggs Mega Book Pack (Ages 4–7),140READEGG-E,349,Book 1,product_list_with_images,516,Starting Out Reading Mini Books  Pack 1 (Ages 4–6),Y,0,"{""product_id"": 421}"
394,ReadingEggs Mega Book Pack (Ages 4–7),140READEGG-E,350,Book 2,product_list_with_images,519,Starting Out Reading Mini Books Pack 2 (Ages 4–6),Y,0,"{""product_id"": 422}"
394,ReadingEggs Mega Book Pack (Ages 4–7),140READEGG-E,351,Book 3,product_list_with_images,347,Starting Out Reading Mini Books – Pack 3 (Ages 4–6),Y,0,"{""product_id"": 279}"
394,ReadingEggs Mega Book Pack (Ages 4–7),140READEGG-E,352,Book 4,product_list_with_images,348,Starting Out Reading Mini Books – Pack 4 (Ages 4–6),Y,0,"{""product_id"": 280}"
394,ReadingEggs Mega Book Pack (Ages 4–7),140READEGG-E,353,Book 5,product_list_with_images,563,Beginning to Read Mini Books  Pack 5 (Ages 5–7),Y,1,"{""product_id"": 430}"
394,ReadingEggs Mega Book Pack (Ages 4–7),140READEGG-E,354,Book 6,product_list_with_images,350,Beginning to Read Mini Books – Pack 6 (Ages 5–7),Y,0,"{""product_id"": 256}"
394,ReadingEggs Mega Book Pack (Ages 4–7),140READEGG-E,355,Book 7,product_list_with_images,351,Beginning to Read Mini Books – Pack 7 (Ages 5–7),Y,0,"{""product_id"": 258}"
394,ReadingEggs Mega Book Pack (Ages 4–7),140READEGG-E,356,Book 8,product_list_with_images,352,Beginning to Read Mini Books – Pack 8 (Ages 5–7),Y,0,"{""product_id"": 260}"
394,ReadingEggs Mega Book Pack (Ages 4–7),140READEGG-E,357,Book 9,product_list_with_images,353,Learn to Read Activity Book 1 – Starting Out (Ages 4–6),Y,0,"{""product_id"": 281}"
394,ReadingEggs Mega Book Pack (Ages 4–7),140READEGG-E,358,Book 10,product_list_with_images,354,Learn to Read Activity Book 2 – Starting Out (Ages 4–6),Y,0,"{""product_id"": 282}"
394,ReadingEggs Mega Book Pack (Ages 4–7),140READEGG-E,359,Book 11,product_list_with_images,355,Learn-to-Read Activity Book 3 – Starting Out (Ages 4–6),Y,0,"{""product_id"": 114}"
394,ReadingEggs Mega Book Pack (Ages 4–7),140READEGG-E,360,Book 12,product_list_with_images,356,Learn-to-Read Activity Book 4 – Starting Out (Ages 4–6),Y,0,"{""product_id"": 167}"
394,ReadingEggs Mega Book Pack (Ages 4–7),140READEGG-E,361,Book 13,product_list_with_images,357,Learn to Read Activity Book 5 – Beginning to Read (Ages 5–7),Y,0,"{""product_id"": 262}"
394,ReadingEggs Mega Book Pack (Ages 4–7),140READEGG-E,362,Book 14,product_list_with_images,564,Learn to Read Activity Book 6 – Beginning to Read (Ages 5–7),Y,1,"{""product_id"": 435}"
394,ReadingEggs Mega Book Pack (Ages 4–7),140READEGG-E,363,Book 15,product_list_with_images,552,Learn to Read Activity Book 7 – Beginning to Read (Ages 5–7),Y,0,"{""product_id"": 436}"
394,ReadingEggs Mega Book Pack (Ages 4–7),140READEGG-E,364,Book 16,product_list_with_images,492,Learn to Read Activity Book 8 – Beginning to Read (Ages 5–7),Y,0,"{""product_id"": 437}"
394,ReadingEggs Mega Book Pack (Ages 4–7),140READEGG-E,365,Book 17,product_list_with_images,541,Alphabet Flashcards With Games Starting Out (Ages 3–5),Y,0,"{""product_id"": 429}"
394,ReadingEggs Mega Book Pack (Ages 4–7),140READEGG-E,366,Book 18,product_list_with_images,362,Flashcards – Sight Words and Phonics – Beginning to Read (Ages 5–7),Y,0,"{""product_id"": 270}"
395,ReadingEggs Book Pack Level 1 (Ages 4–6),RE7995PK1-E,367,Book 1,product_list_with_images,526,Starting Out Reading Mini Books  Pack 1 (Ages 4–6),Y,0,"{""product_id"": 421}"
395,ReadingEggs Book Pack Level 1 (Ages 4–6),RE7995PK1-E,368,Book 2,product_list_with_images,527,Starting Out Reading Mini Books Pack 2 (Ages 4–6),Y,0,"{""product_id"": 422}"
395,ReadingEggs Book Pack Level 1 (Ages 4–6),RE7995PK1-E,369,Book 3,product_list_with_images,365,Starting Out Reading Mini Books – Pack 3 (Ages 4–6),Y,0,"{""product_id"": 279}"
395,ReadingEggs Book Pack Level 1 (Ages 4–6),RE7995PK1-E,370,Book 4,product_list_with_images,366,Starting Out Reading Mini Books – Pack 4 (Ages 4–6),Y,0,"{""product_id"": 280}"
395,ReadingEggs Book Pack Level 1 (Ages 4–6),RE7995PK1-E,371,Book 5,product_list_with_images,367,Learn to Read Activity Book 1 – Starting Out (Ages 4–6),Y,0,"{""product_id"": 281}"
395,ReadingEggs Book Pack Level 1 (Ages 4–6),RE7995PK1-E,372,Book 6,product_list_with_images,368,Learn to Read Activity Book 2 – Starting Out (Ages 4–6),Y,0,"{""product_id"": 282}"
395,ReadingEggs Book Pack Level 1 (Ages 4–6),RE7995PK1-E,373,Book 7,product_list_with_images,369,Learn-to-Read Activity Book 3 – Starting Out (Ages 4–6),Y,0,"{""product_id"": 114}"
395,ReadingEggs Book Pack Level 1 (Ages 4–6),RE7995PK1-E,374,Book 8,product_list_with_images,370,Learn-to-Read Activity Book 4 – Starting Out (Ages 4–6),Y,0,"{""product_id"": 167}"
395,ReadingEggs Book Pack Level 1 (Ages 4–6),RE7995PK1-E,375,Book 9,product_list_with_images,540,Alphabet Flashcards With Games Starting Out (Ages 3–5),Y,0,"{""product_id"": 429}"
399,Essential Skills Reading Family Bundle Grade 3 & Grade 4,RM3-E,382,Book 1,product_list_with_images,378,Grade 3 Reading Workbook – 200 Essential Reading Skills,Y,0,"{""product_id"": 353}"
399,Essential Skills Reading Family Bundle Grade 3 & Grade 4,RM3-E,383,Book 2,product_list_with_images,379,Grade 4 Reading Workbook – 200 Essential Reading Skills,Y,0,"{""product_id"": 354}"
398,Reading & Math Essential Skills - Second Grade Bundle,RM2-E,380,Book 1,product_list_with_images,376,Grade 2 Reading Workbook – 200 Essential Reading Skills,Y,0,"{""product_id"": 351}"
398,Reading & Math Essential Skills - Second Grade Bundle,RM2-E,381,Book 2,product_list_with_images,377,200 Essential Math Skills for Second Grade,Y,0,"{""product_id"": 358}"
400,Essential Skills Reading Family Bundle Grade 4 & Grade 5,RM4-E,384,Book 1,product_list_with_images,380,Grade 4 Reading Workbook – 200 Essential Reading Skills,Y,0,"{""product_id"": 354}"
400,Essential Skills Reading Family Bundle Grade 4 & Grade 5,RM4-E,385,Book 2,product_list_with_images,381,Grade 5 Reading Workbook – 200 Essential Reading Skills,Y,0,"{""product_id"": 355}"
401,ReadingEggs Book Pack Level 2 (Ages 5–7),RE7995PK2-E,386,Book 1,product_list_with_images,561,Beginning to Read Mini Books  Pack 5 (Ages 5–7),Y,1,"{""product_id"": 430}"
401,ReadingEggs Book Pack Level 2 (Ages 5–7),RE7995PK2-E,387,Book 2,product_list_with_images,383,Beginning to Read Mini Books – Pack 6 (Ages 5–7),Y,0,"{""product_id"": 256}"
401,ReadingEggs Book Pack Level 2 (Ages 5–7),RE7995PK2-E,388,Book 3,product_list_with_images,384,Beginning to Read Mini Books – Pack 7 (Ages 5–7),Y,0,"{""product_id"": 258}"
401,ReadingEggs Book Pack Level 2 (Ages 5–7),RE7995PK2-E,389,Book 4,product_list_with_images,385,Beginning to Read Mini Books – Pack 8 (Ages 5–7),Y,0,"{""product_id"": 260}"
401,ReadingEggs Book Pack Level 2 (Ages 5–7),RE7995PK2-E,390,Book 5,product_list_with_images,386,Learn to Read Activity Book 5 – Beginning to Read (Ages 5–7),Y,0,"{""product_id"": 262}"
401,ReadingEggs Book Pack Level 2 (Ages 5–7),RE7995PK2-E,391,Book 6,product_list_with_images,562,Learn to Read Activity Book 6 – Beginning to Read (Ages 5–7),Y,1,"{""product_id"": 435}"
401,ReadingEggs Book Pack Level 2 (Ages 5–7),RE7995PK2-E,392,Book 7,product_list_with_images,551,Learn to Read Activity Book 7 – Beginning to Read (Ages 5–7),Y,0,"{""product_id"": 436}"
401,ReadingEggs Book Pack Level 2 (Ages 5–7),RE7995PK2-E,393,Book 8,product_list_with_images,491,Learn to Read Activity Book 8 – Beginning to Read (Ages 5–7),Y,0,"{""product_id"": 437}"
401,ReadingEggs Book Pack Level 2 (Ages 5–7),RE7995PK2-E,394,Book 9,product_list_with_images,390,Flashcards – Sight Words and Phonics – Beginning to Read (Ages 5–7),Y,0,"{""product_id"": 270}"
410,Essential Skills Math Bundle Kindergarten to Year 3,MSWBK3-E,401,Book 1,product_list_with_images,399,Kindergarten Math Workbook – 200 Essential Math Skills,Y,0,"{""product_id"": 356}"
410,Essential Skills Math Bundle Kindergarten to Year 3,MSWBK3-E,402,Book 2,product_list_with_images,400,Grade 1 Math Workbook – 200 Essential Math Skills,Y,0,"{""product_id"": 357}"
410,Essential Skills Math Bundle Kindergarten to Year 3,MSWBK3-E,403,Book 3,product_list_with_images,401,Grade 2 Math Workbook – 200 Essential Math Skills,Y,0,"{""product_id"": 358}"
410,Essential Skills Math Bundle Kindergarten to Year 3,MSWBK3-E,404,Book 4,product_list_with_images,402,Grade 3 Math Workbook – 200 Essential Math Skills,Y,0,"{""product_id"": 402}"
409,Essential Skills Reading Bundle Kindergarten to Grade 5,REWBK5-E,395,Book 1,product_list_with_images,391,Kindergarten Reading Workbook – 240 Essential Reading Skills -,Y,0,"{""product_id"": 365}"
409,Essential Skills Reading Bundle Kindergarten to Grade 5,REWBK5-E,396,Book 2,product_list_with_images,392,Grade 1 Reading Workbook – 240 Essential Reading Skills,Y,0,"{""product_id"": 349}"
409,Essential Skills Reading Bundle Kindergarten to Grade 5,REWBK5-E,397,Book 3,product_list_with_images,393,Grade 2 Reading Workbook – 200 Essential Reading Skills,Y,0,"{""product_id"": 351}"
409,Essential Skills Reading Bundle Kindergarten to Grade 5,REWBK5-E,398,Book 4,product_list_with_images,394,Grade 3 Reading Workbook – 200 Essential Reading Skills,Y,0,"{""product_id"": 353}"
409,Essential Skills Reading Bundle Kindergarten to Grade 5,REWBK5-E,399,Book 5,product_list_with_images,395,Grade 4 Reading Workbook – 200 Essential Reading Skills,Y,0,"{""product_id"": 354}"
409,Essential Skills Reading Bundle Kindergarten to Grade 5,REWBK5-E,400,Book 6,product_list_with_images,396,Grade 5 Reading Workbook – 200 Essential Reading Skills,Y,0,"{""product_id"": 355}"
413,Third Grade Reading and Math Essential Skills Bundle,RM5,439,Book 1,product_list_with_images,437,Grade 3 Reading Workbook – 200 Essential Reading Skills,Y,0,"{""product_id"": 353}"
413,Third Grade Reading and Math Essential Skills Bundle,RM5,440,Book 2,product_list_with_images,438,Grade 3 Math Workbook – 200 Essential Math Skills,Y,0,"{""product_id"": 402}"
411,Ultimate Reading & Math Essential Skills Bundle,REMSWBK5-E,405,Book 1,product_list_with_images,403,Kindergarten Reading Workbook – 240 Essential Reading Skills -,Y,0,"{""product_id"": 365}"
411,Ultimate Reading & Math Essential Skills Bundle,REMSWBK5-E,406,Book 2,product_list_with_images,404,Grade 1 Reading Workbook – 240 Essential Reading Skills,Y,0,"{""product_id"": 349}"
411,Ultimate Reading & Math Essential Skills Bundle,REMSWBK5-E,407,Book 3,product_list_with_images,405,Grade 2 Reading Workbook – 200 Essential Reading Skills,Y,0,"{""product_id"": 351}"
411,Ultimate Reading & Math Essential Skills Bundle,REMSWBK5-E,408,Book 4,product_list_with_images,406,Grade 3 Reading Workbook – 200 Essential Reading Skills,Y,0,"{""product_id"": 353}"
411,Ultimate Reading & Math Essential Skills Bundle,REMSWBK5-E,409,Book 5,product_list_with_images,407,Grade 4 Reading Workbook – 200 Essential Reading Skills,Y,0,"{""product_id"": 354}"
411,Ultimate Reading & Math Essential Skills Bundle,REMSWBK5-E,410,Book 6,product_list_with_images,408,Grade 5 Reading Workbook – 200 Essential Reading Skills,Y,0,"{""product_id"": 355}"
411,Ultimate Reading & Math Essential Skills Bundle,REMSWBK5-E,411,Book 7,product_list_with_images,409,Kindergarten Math Workbook – 200 Essential Math Skills,Y,0,"{""product_id"": 356}"
411,Ultimate Reading & Math Essential Skills Bundle,REMSWBK5-E,412,Book 8,product_list_with_images,410,Grade 1 Math Workbook – 200 Essential Math Skills,Y,0,"{""product_id"": 357}"
411,Ultimate Reading & Math Essential Skills Bundle,REMSWBK5-E,413,Book 9,product_list_with_images,411,Grade 2 Math Workbook – 200 Essential Math Skills,Y,0,"{""product_id"": 358}"
411,Ultimate Reading & Math Essential Skills Bundle,REMSWBK5-E,414,Book 10,product_list_with_images,412,Grade 3 Math Workbook – 200 Essential Math Skills,Y,0,"{""product_id"": 402}"
414,Third Grade Reading & Math Essential Skills Bundle – 2 Full-Color Workbooks,RM5-E,441,Book 1,product_list_with_images,439,Grade 3 Reading Workbook – 200 Essential Reading Skills,Y,0,"{""product_id"": 353}"
414,Third Grade Reading & Math Essential Skills Bundle – 2 Full-Color Workbooks,RM5-E,442,Book 2,product_list_with_images,440,Grade 3 Math Workbook – 200 Essential Math Skills,Y,0,"{""product_id"": 402}"
412,Readings Eggs Ultimate Book Pack (Ages 4 -7),REMSULTBKB-E,415,Book 1,product_list_with_images,524,Starting Out Reading Mini Books  Pack 1 (Ages 4–6),Y,0,"{""product_id"": 421}"
412,Readings Eggs Ultimate Book Pack (Ages 4 -7),REMSULTBKB-E,416,Book 2,product_list_with_images,525,Starting Out Reading Mini Books Pack 2 (Ages 4–6),Y,0,"{""product_id"": 422}"
412,Readings Eggs Ultimate Book Pack (Ages 4 -7),REMSULTBKB-E,417,Book 3,product_list_with_images,415,Starting Out Reading Mini Books – Pack 3 (Ages 4–6),Y,0,"{""product_id"": 279}"
412,Readings Eggs Ultimate Book Pack (Ages 4 -7),REMSULTBKB-E,418,Book 4,product_list_with_images,416,Starting Out Reading Mini Books – Pack 4 (Ages 4–6),Y,0,"{""product_id"": 280}"
412,Readings Eggs Ultimate Book Pack (Ages 4 -7),REMSULTBKB-E,419,Book 5,product_list_with_images,559,Beginning to Read Mini Books  Pack 5 (Ages 5–7),Y,0,"{""product_id"": 430}"
412,Readings Eggs Ultimate Book Pack (Ages 4 -7),REMSULTBKB-E,420,Book 6,product_list_with_images,418,Beginning to Read Mini Books – Pack 6 (Ages 5–7),Y,0,"{""product_id"": 256}"
412,Readings Eggs Ultimate Book Pack (Ages 4 -7),REMSULTBKB-E,421,Book 7,product_list_with_images,419,Beginning to Read Mini Books – Pack 7 (Ages 5–7),Y,0,"{""product_id"": 258}"
412,Readings Eggs Ultimate Book Pack (Ages 4 -7),REMSULTBKB-E,422,Book 8,product_list_with_images,420,Beginning to Read Mini Books – Pack 8 (Ages 5–7),Y,0,"{""product_id"": 260}"
412,Readings Eggs Ultimate Book Pack (Ages 4 -7),REMSULTBKB-E,423,Book 9,product_list_with_images,421,Learn to Read Activity Book 1 – Starting Out (Ages 4–6),Y,0,"{""product_id"": 281}"
412,Readings Eggs Ultimate Book Pack (Ages 4 -7),REMSULTBKB-E,424,Book 10,product_list_with_images,422,Learn to Read Activity Book 2 – Starting Out (Ages 4–6),Y,0,"{""product_id"": 282}"
412,Readings Eggs Ultimate Book Pack (Ages 4 -7),REMSULTBKB-E,425,Book 11,product_list_with_images,423,Learn-to-Read Activity Book 3 – Starting Out (Ages 4–6),Y,0,"{""product_id"": 114}"
412,Readings Eggs Ultimate Book Pack (Ages 4 -7),REMSULTBKB-E,426,Book 12,product_list_with_images,424,Learn-to-Read Activity Book 4 – Starting Out (Ages 4–6),Y,0,"{""product_id"": 167}"
412,Readings Eggs Ultimate Book Pack (Ages 4 -7),REMSULTBKB-E,427,Book 13,product_list_with_images,425,Learn to Read Activity Book 5 – Beginning to Read (Ages 5–7),Y,0,"{""product_id"": 262}"
412,Readings Eggs Ultimate Book Pack (Ages 4 -7),REMSULTBKB-E,428,Book 14,product_list_with_images,560,Learn to Read Activity Book 6 – Beginning to Read (Ages 5–7),Y,0,"{""product_id"": 435}"
412,Readings Eggs Ultimate Book Pack (Ages 4 -7),REMSULTBKB-E,429,Book 15,product_list_with_images,550,Learn to Read Activity Book 7 – Beginning to Read (Ages 5–7),Y,0,"{""product_id"": 436}"
412,Readings Eggs Ultimate Book Pack (Ages 4 -7),REMSULTBKB-E,430,Book 16,product_list_with_images,490,Learn to Read Activity Book 8 – Beginning to Read (Ages 5–7),Y,0,"{""product_id"": 437}"
412,Readings Eggs Ultimate Book Pack (Ages 4 -7),REMSULTBKB-E,431,Book 17,product_list_with_images,539,Alphabet Flashcards With Games Starting Out (Ages 3–5),Y,0,"{""product_id"": 429}"
412,Readings Eggs Ultimate Book Pack (Ages 4 -7),REMSULTBKB-E,432,Book 18,product_list_with_images,430,Flashcards – Sight Words and Phonics – Beginning to Read (Ages 5–7),Y,0,"{""product_id"": 270}"
412,Readings Eggs Ultimate Book Pack (Ages 4 -7),REMSULTBKB-E,433,Book 19,product_list_with_images,431,Kindergarten Reading Workbook - 240 Essential Reading Skills,Y,0,"{""product_id"": 365}"
412,Readings Eggs Ultimate Book Pack (Ages 4 -7),REMSULTBKB-E,434,Book 20,product_list_with_images,432,Grade 1 Reading Workbook – 240 Essential Reading Skills,Y,0,"{""product_id"": 349}"
412,Readings Eggs Ultimate Book Pack (Ages 4 -7),REMSULTBKB-E,435,Book 21,product_list_with_images,433,Grade 2 Reading Workbook – 200 Essential Reading Skills,Y,0,"{""product_id"": 351}"
412,Readings Eggs Ultimate Book Pack (Ages 4 -7),REMSULTBKB-E,436,Book 22,product_list_with_images,434,Kindergarten Math Workbook – 200 Essential Math Skills,Y,0,"{""product_id"": 356}"
412,Readings Eggs Ultimate Book Pack (Ages 4 -7),REMSULTBKB-E,437,Book 23,product_list_with_images,435,Grade 1 Math Workbook – 200 Essential Math Skills,Y,0,"{""product_id"": 357}"
412,Readings Eggs Ultimate Book Pack (Ages 4 -7),REMSULTBKB-E,438,Book 24,product_list_with_images,436,Grade 2 Math Workbook – 200 Essential Math Skills,Y,0,"{""product_id"": 358}"
415,Ultimate Reading and Math Essential Skills Bundle,REMSWBK5,443,Book 1,product_list_with_images,441,Kindergarten Reading Workbook – 240 Essential Reading Skills -,Y,0,"{""product_id"": 365}"
415,Ultimate Reading and Math Essential Skills Bundle,REMSWBK5,444,Book 2,product_list_with_images,442,Grade 1 Reading Workbook – 240 Essential Reading Skills,Y,0,"{""product_id"": 349}"
415,Ultimate Reading and Math Essential Skills Bundle,REMSWBK5,445,Book 3,product_list_with_images,443,Grade 2 Reading Workbook – 200 Essential Reading Skills,Y,0,"{""product_id"": 351}"
415,Ultimate Reading and Math Essential Skills Bundle,REMSWBK5,446,Book 4,product_list_with_images,444,Grade 3 Reading Workbook – 200 Essential Reading Skills,Y,0,"{""product_id"": 353}"
415,Ultimate Reading and Math Essential Skills Bundle,REMSWBK5,447,Book 5,product_list_with_images,445,Grade 4 Reading Workbook – 200 Essential Reading Skills,Y,0,"{""product_id"": 354}"
415,Ultimate Reading and Math Essential Skills Bundle,REMSWBK5,448,Book 6,product_list_with_images,446,Grade 5 Reading Workbook – 200 Essential Reading Skills,Y,0,"{""product_id"": 355}"
415,Ultimate Reading and Math Essential Skills Bundle,REMSWBK5,449,Book 7,product_list_with_images,447,Kindergarten Math Workbook – 200 Essential Math Skills,Y,0,"{""product_id"": 356}"
415,Ultimate Reading and Math Essential Skills Bundle,REMSWBK5,450,Book 8,product_list_with_images,448,Grade 1 Math Workbook – 200 Essential Math Skills,Y,0,"{""product_id"": 357}"
415,Ultimate Reading and Math Essential Skills Bundle,REMSWBK5,451,Book 9,product_list_with_images,449,Grade 2 Math Workbook – 200 Essential Math Skills,Y,0,"{""product_id"": 358}"
415,Ultimate Reading and Math Essential Skills Bundle,REMSWBK5,452,Book 10,product_list_with_images,450,Grade 3 Math Workbook – 200 Essential Math Skills,Y,0,"{""product_id"": 402}"
417,Essential Skills Math Bundle (Kindergarten - Year 3),MSWBK3,477,Book 1,product_list_with_images,475,Kindergarten Math Workbook – 200 Essential Math Skills,Y,0,"{""product_id"": 356}"
417,Essential Skills Math Bundle (Kindergarten - Year 3),MSWBK3,478,Book 2,product_list_with_images,476,Grade 1 Math Workbook – 200 Essential Math Skills,Y,0,"{""product_id"": 357}"
417,Essential Skills Math Bundle (Kindergarten - Year 3),MSWBK3,479,Book 3,product_list_with_images,477,Grade 2 Math Workbook – 200 Essential Math Skills,Y,0,"{""product_id"": 358}"
417,Essential Skills Math Bundle (Kindergarten - Year 3),MSWBK3,480,Book 4,product_list_with_images,478,Grade 3 Math Workbook – 200 Essential Math Skills,Y,0,"{""product_id"": 402}"
418,Essential Skills Reading Bundle (Kindergarten to Grade 5),REWBK5,481,Book 1,product_list_with_images,479,Kindergarten Reading Workbook – 240 Essential Reading Skills -,Y,0,"{""product_id"": 365}"
418,Essential Skills Reading Bundle (Kindergarten to Grade 5),REWBK5,482,Book 2,product_list_with_images,480,Grade 1 Reading Workbook – 240 Essential Reading Skills,Y,0,"{""product_id"": 349}"
418,Essential Skills Reading Bundle (Kindergarten to Grade 5),REWBK5,483,Book 3,product_list_with_images,481,Grade 2 Reading Workbook – 200 Essential Reading Skills,Y,0,"{""product_id"": 351}"
418,Essential Skills Reading Bundle (Kindergarten to Grade 5),REWBK5,484,Book 4,product_list_with_images,482,Grade 3 Reading Workbook – 200 Essential Reading Skills,Y,0,"{""product_id"": 353}"
418,Essential Skills Reading Bundle (Kindergarten to Grade 5),REWBK5,485,Book 5,product_list_with_images,483,Grade 4 Reading Workbook – 200 Essential Reading Skills,Y,0,"{""product_id"": 354}"
418,Essential Skills Reading Bundle (Kindergarten to Grade 5),REWBK5,486,Book 6,product_list_with_images,484,Grade 5 Reading Workbook – 200 Essential Reading Skills,Y,0,"{""product_id"": 355}"
416,Readings Eggs Ultimate Book Pack - Ages 4 -7,REMSULTBKB,453,Book 1,product_list_with_images,522,Starting Out Reading Mini Books  Pack 1 (Ages 4–6),Y,0,"{""product_id"": 421}"
416,Readings Eggs Ultimate Book Pack - Ages 4 -7,REMSULTBKB,454,Book 2,product_list_with_images,523,Starting Out Reading Mini Books Pack 2 (Ages 4–6),Y,0,"{""product_id"": 422}"
416,Readings Eggs Ultimate Book Pack - Ages 4 -7,REMSULTBKB,455,Book 3,product_list_with_images,453,Starting Out Reading Mini Books – Pack 3 (Ages 4–6),Y,0,"{""product_id"": 279}"
416,Readings Eggs Ultimate Book Pack - Ages 4 -7,REMSULTBKB,456,Book 4,product_list_with_images,454,Starting Out Reading Mini Books – Pack 4 (Ages 4–6),Y,0,"{""product_id"": 280}"
416,Readings Eggs Ultimate Book Pack - Ages 4 -7,REMSULTBKB,457,Book 5,product_list_with_images,557,Beginning to Read Mini Books  Pack 5 (Ages 5–7),Y,1,"{""product_id"": 430}"
416,Readings Eggs Ultimate Book Pack - Ages 4 -7,REMSULTBKB,458,Book 6,product_list_with_images,456,Beginning to Read Mini Books – Pack 6 (Ages 5–7),Y,0,"{""product_id"": 256}"
416,Readings Eggs Ultimate Book Pack - Ages 4 -7,REMSULTBKB,459,Book 7,product_list_with_images,457,Beginning to Read Mini Books – Pack 7 (Ages 5–7),Y,0,"{""product_id"": 258}"
416,Readings Eggs Ultimate Book Pack - Ages 4 -7,REMSULTBKB,460,Book 8,product_list_with_images,458,Beginning to Read Mini Books – Pack 8 (Ages 5–7),Y,0,"{""product_id"": 260}"
416,Readings Eggs Ultimate Book Pack - Ages 4 -7,REMSULTBKB,461,Book 9,product_list_with_images,459,Learn to Read Activity Book 1 – Starting Out (Ages 4–6),Y,0,"{""product_id"": 281}"
416,Readings Eggs Ultimate Book Pack - Ages 4 -7,REMSULTBKB,462,Book 10,product_list_with_images,460,Learn to Read Activity Book 2 – Starting Out (Ages 4–6),Y,0,"{""product_id"": 282}"
416,Readings Eggs Ultimate Book Pack - Ages 4 -7,REMSULTBKB,463,Book 11,product_list_with_images,461,Learn-to-Read Activity Book 3 – Starting Out (Ages 4–6),Y,0,"{""product_id"": 114}"
416,Readings Eggs Ultimate Book Pack - Ages 4 -7,REMSULTBKB,464,Book 12,product_list_with_images,462,Learn-to-Read Activity Book 4 – Starting Out (Ages 4–6),Y,0,"{""product_id"": 167}"
416,Readings Eggs Ultimate Book Pack - Ages 4 -7,REMSULTBKB,465,Book 13,product_list_with_images,463,Learn to Read Activity Book 5 – Beginning to Read (Ages 5–7),Y,0,"{""product_id"": 262}"
416,Readings Eggs Ultimate Book Pack - Ages 4 -7,REMSULTBKB,466,Book 14,product_list_with_images,558,Learn to Read Activity Book 6 – Beginning to Read (Ages 5–7),Y,1,"{""product_id"": 435}"
416,Readings Eggs Ultimate Book Pack - Ages 4 -7,REMSULTBKB,467,Book 15,product_list_with_images,549,Learn to Read Activity Book 7 – Beginning to Read (Ages 5–7),Y,0,"{""product_id"": 436}"
416,Readings Eggs Ultimate Book Pack - Ages 4 -7,REMSULTBKB,468,Book 16,product_list_with_images,489,Learn to Read Activity Book 8 – Beginning to Read (Ages 5–7),Y,0,"{""product_id"": 437}"
416,Readings Eggs Ultimate Book Pack - Ages 4 -7,REMSULTBKB,469,Book 17,product_list_with_images,538,Alphabet Flashcards With Games Starting Out (Ages 3–5),Y,0,"{""product_id"": 429}"
416,Readings Eggs Ultimate Book Pack - Ages 4 -7,REMSULTBKB,470,Book 18,product_list_with_images,468,Flashcards – Sight Words and Phonics – Beginning to Read (Ages 5–7),Y,0,"{""product_id"": 270}"
416,Readings Eggs Ultimate Book Pack - Ages 4 -7,REMSULTBKB,471,Book 19,product_list_with_images,469,Kindergarten Reading Workbook - 240 Essential Reading Skills,Y,0,"{""product_id"": 365}"
416,Readings Eggs Ultimate Book Pack - Ages 4 -7,REMSULTBKB,472,Book 20,product_list_with_images,470,Grade 1 Reading Workbook – 240 Essential Reading Skills,Y,0,"{""product_id"": 349}"
416,Readings Eggs Ultimate Book Pack - Ages 4 -7,REMSULTBKB,473,Book 21,product_list_with_images,471,Grade 2 Reading Workbook – 200 Essential Reading Skills,Y,0,"{""product_id"": 351}"
416,Readings Eggs Ultimate Book Pack - Ages 4 -7,REMSULTBKB,474,Book 22,product_list_with_images,472,Kindergarten Math Workbook – 200 Essential Math Skills,Y,0,"{""product_id"": 356}"
416,Readings Eggs Ultimate Book Pack - Ages 4 -7,REMSULTBKB,475,Book 23,product_list_with_images,473,Grade 1 Math Workbook – 200 Essential Math Skills,Y,0,"{""product_id"": 357}"
416,Readings Eggs Ultimate Book Pack - Ages 4 -7,REMSULTBKB,476,Book 24,product_list_with_images,474,Grade 2 Math Workbook – 200 Essential Math Skills,Y,0,"{""product_id"": 358}"
447,Reading Eggs Activity Book Education Bundle – 8 Books (Ages 4–7),RE7995ACT3-US,490,Book 1,product_list_with_images,498,Learn to Read Activity Book 1 – Starting Out (Ages 4–6),Y,0,"{""product_id"": 281}"
447,Reading Eggs Activity Book Education Bundle – 8 Books (Ages 4–7),RE7995ACT3-US,491,Book 2,product_list_with_images,499,Learn to Read Activity Book 2 – Starting Out (Ages 4–6),Y,0,"{""product_id"": 282}"
447,Reading Eggs Activity Book Education Bundle – 8 Books (Ages 4–7),RE7995ACT3-US,492,Book 3,product_list_with_images,500,Learn-to-Read Activity Book 3 – Starting Out (Ages 4–6),Y,0,"{""product_id"": 114}"
447,Reading Eggs Activity Book Education Bundle – 8 Books (Ages 4–7),RE7995ACT3-US,493,Book 4,product_list_with_images,501,Learn-to-Read Activity Book 4 – Starting Out (Ages 4–6),Y,0,"{""product_id"": 167}"
447,Reading Eggs Activity Book Education Bundle – 8 Books (Ages 4–7),RE7995ACT3-US,494,Book 5,product_list_with_images,502,Learn to Read Activity Book 5 – Beginning to Read (Ages 5–7),Y,0,"{""product_id"": 262}"
447,Reading Eggs Activity Book Education Bundle – 8 Books (Ages 4–7),RE7995ACT3-US,495,Book 6,product_list_with_images,556,Learn to Read Activity Book 6 – Beginning to Read (Ages 5–7),Y,1,"{""product_id"": 435}"
447,Reading Eggs Activity Book Education Bundle – 8 Books (Ages 4–7),RE7995ACT3-US,496,Book 7,product_list_with_images,548,Learn to Read Activity Book 7 – Beginning to Read (Ages 5–7),Y,0,"{""product_id"": 436}"
447,Reading Eggs Activity Book Education Bundle – 8 Books (Ages 4–7),RE7995ACT3-US,497,Book 8,product_list_with_images,505,Learn to Read Activity Book 8 – Beginning to Read (Ages 5–7),Y,0,"{""product_id"": 437}"
449,Reading Eggs Book Pack Level 1 (Ages 4–6),RE7995PK1-US,507,Book 1,product_list_with_images,528,Starting Out Reading Mini Books  Pack 1 (Ages 4–6),Y,0,"{""product_id"": 421}"
449,Reading Eggs Book Pack Level 1 (Ages 4–6),RE7995PK1-US,508,Book 2,product_list_with_images,529,Starting Out Reading Mini Books Pack 2 (Ages 4–6),Y,0,"{""product_id"": 422}"
449,Reading Eggs Book Pack Level 1 (Ages 4–6),RE7995PK1-US,509,Book 3,product_list_with_images,530,Starting Out Reading Mini Books – Pack 3 (Ages 4–6),Y,0,"{""product_id"": 279}"
449,Reading Eggs Book Pack Level 1 (Ages 4–6),RE7995PK1-US,510,Book 4,product_list_with_images,531,Starting Out Reading Mini Books – Pack 4 (Ages 4–6),Y,0,"{""product_id"": 280}"
449,Reading Eggs Book Pack Level 1 (Ages 4–6),RE7995PK1-US,511,Book 5,product_list_with_images,532,Learn to Read Activity Book 1 – Starting Out (Ages 4–6),Y,0,"{""product_id"": 281}"
449,Reading Eggs Book Pack Level 1 (Ages 4–6),RE7995PK1-US,512,Book 6,product_list_with_images,533,Learn to Read Activity Book 2 – Starting Out (Ages 4–6),Y,0,"{""product_id"": 282}"
449,Reading Eggs Book Pack Level 1 (Ages 4–6),RE7995PK1-US,513,Book 7,product_list_with_images,534,Learn-to-Read Activity Book 3 – Starting Out (Ages 4–6),Y,0,"{""product_id"": 114}"
449,Reading Eggs Book Pack Level 1 (Ages 4–6),RE7995PK1-US,514,Book 8,product_list_with_images,535,Learn-to-Read Activity Book 4 – Starting Out (Ages 4–6),Y,0,"{""product_id"": 167}"
449,Reading Eggs Book Pack Level 1 (Ages 4–6),RE7995PK1-US,515,Book 9,product_list_with_images,537,Alphabet Flashcards With Games Starting Out (Ages 3–5),Y,0,"{""product_id"": 429}"
448,Reading Eggs Book Pack Level 2 (Ages 5–7),RE7995PK2-US,498,Book 1,product_list_with_images,555,Beginning to Read Mini Books  Pack 5 (Ages 5–7),Y,1,"{""product_id"": 430}"
448,Reading Eggs Book Pack Level 2 (Ages 5–7),RE7995PK2-US,499,Book 2,product_list_with_images,507,Beginning to Read Mini Books – Pack 6 (Ages 5–7),Y,0,"{""product_id"": 256}"
448,Reading Eggs Book Pack Level 2 (Ages 5–7),RE7995PK2-US,500,Book 3,product_list_with_images,508,Beginning to Read Mini Books – Pack 7 (Ages 5–7),Y,0,"{""product_id"": 258}"
448,Reading Eggs Book Pack Level 2 (Ages 5–7),RE7995PK2-US,501,Book 4,product_list_with_images,509,Beginning to Read Mini Books – Pack 8 (Ages 5–7),Y,0,"{""product_id"": 260}"
448,Reading Eggs Book Pack Level 2 (Ages 5–7),RE7995PK2-US,502,Book 5,product_list_with_images,510,Learn to Read Activity Book 5 – Beginning to Read (Ages 5–7),Y,0,"{""product_id"": 262}"
448,Reading Eggs Book Pack Level 2 (Ages 5–7),RE7995PK2-US,503,Book 6,product_list_with_images,554,Learn to Read Activity Book 6 – Beginning to Read (Ages 5–7),Y,0,"{""product_id"": 435}"
448,Reading Eggs Book Pack Level 2 (Ages 5–7),RE7995PK2-US,504,Book 7,product_list_with_images,547,Learn to Read Activity Book 7 – Beginning to Read (Ages 5–7),Y,0,"{""product_id"": 436}"
448,Reading Eggs Book Pack Level 2 (Ages 5–7),RE7995PK2-US,505,Book 8,product_list_with_images,513,Learn to Read Activity Book 8 – Beginning to Read (Ages 5–7),Y,0,"{""product_id"": 437}"
448,Reading Eggs Book Pack Level 2 (Ages 5–7),RE7995PK2-US,506,Book 9,product_list_with_images,514,Flashcards – Sight Words and Phonics – Beginning to Read (Ages 5–7),Y,0,"{""product_id"": 270}"
450,12-Month Program Access + Reading & Math Essential Skills Workbook - Kindergarten Bundle,COM12MTHUSRMK-E,517,Book 1,product_list_with_images,544,Kindergarten Reading Workbook – 240 Essential Reading Skills -,Y,0,"{""product_id"": 365}"
450,12-Month Program Access + Reading & Math Essential Skills Workbook - Kindergarten Bundle,COM12MTHUSRMK-E,518,Book 2,product_list_with_images,545,200 Essential Math Skills for Kindergarten,Y,0,"{""product_id"": 356}"
450,12-Month Program Access + Reading & Math Essential Skills Workbook - Kindergarten Bundle,COM12MTHUSRMK-E,519,Program Access,product_list_with_images,546,12-Month Program Access to Reading Eggs & Mathseeds,Y,0,"{""product_id"": 371}"
